"lat","severity","street1","street2","image_id","year","date","lng","coord","intersection","day","desc","precip","high","low","month"
"37.7726483","INJURY","11th St","Kissling St","0","2012-01-01","2012-01-09","-122.4150145","37.7726483;-122.4150145","11th St and Kissling St","09","Partly Cloudy","0.00","65","47","04"
"37.7724134","INJURY","11th St","Market","1","2012-01-01","2012-01-19","-122.4147158","37.7724134;-122.4147158","11th St and Market","19","Partly Cloudy","0.00","68","55","04"
"37.7684817","INJURY","14th St","Shotwell St","10","2012-01-01","2012-01-02","-122.416711","37.7684817;-122.416711","14th St and Shotwell St","02","Partly Cloudy","0.00","66","43","02"
"37.7694443","INJURY","Division St","9th St","100","2012-01-01","2012-01-05","-122.4062321","37.7694443;-122.4062321","Division St and 9th St","05","Partly Cloudy","0.00","65","55","07"
"37.7662724","INJURY","Dolores St","15th St","101","2012-01-01","2012-01-16","-122.4264995","37.7662724;-122.4264995","Dolores St and 15th St","16","Clear","0.00","50","35","01"
"37.7700039","INJURY","Duboce Av","Mission St","102","2012-01-01","2012-01-26","-122.4178412","37.7700039;-122.4178412","Duboce Av and Mission St","26","Scattered Clouds","0.00","69","54","06"
"37.7846631","INJURY","Ellis St","Leavenworth","103","2012-01-01","2012-01-22","-122.4144723","37.7846631;-122.4144723","Ellis St and Leavenworth","22","Scattered Clouds","0.00","69","52","04"
"37.7850798","INJURY","Ellis St","Taylor St","104","2012-01-01","2012-01-01","-122.4111597","37.7850798;-122.4111597","Ellis St and Taylor St","01","Partly Cloudy","0.01","57","45","02"
"37.7642386","INJURY","The Embarcadero","Mission St","105","2012-01-01","2012-01-14","-122.4196362","37.7642386;-122.4196362","The Embarcadero and Mission St","14","Partly Cloudy","0.00","68","54","08"
"37.794105","INJURY","The Embarcadero","Donchee","106","2012-01-01","2012-01-29","-122.393874","37.794105;-122.393874","The Embarcadero and Donchee","29","Partly Cloudy","0.00","60","43","01"
"37.794105","INJURY","The Embarcadero","Donchee","107","2012-01-01","2012-01-03","-122.393874","37.794105;-122.393874","The Embarcadero and Donchee","03","Partly Cloudy","0.00","62","44","02"
"37.789524","INJURY","The Embarcadero","Harrison Bl","108","2012-01-01","2012-01-26","-122.3886044","37.789524;-122.3886044","The Embarcadero and Harrison Bl","26","Scattered Clouds","0.00","69","54","06"
"37.7803611","INJURY","Embarcadero St","Brannan St","109","2012-01-01","2012-01-15","-122.3939557","37.7803611;-122.3939557","Embarcadero St and Brannan St","15","Partly Cloudy","0.00","61","51","05"
"37.7684217","INJURY","14th St","Vanness","11","2012-01-01","2012-01-04","-122.4178218","37.7684217;-122.4178218","14th St and Vanness","04","Partly Cloudy","0.00","57","43","01"
"37.7574921","PDO","Eureka St","20th St","110","2012-01-01","2012-01-08","-122.4379429","37.7574921;-122.4379429","Eureka St and 20th St","08","Scattered Clouds","0.00","65","46","01"
"37.7736412","INJURY","Fell St","Baker St","111","2012-01-01","2012-01-22","-122.4409112","37.7736412;-122.4409112","Fell St and Baker St","22","Fog","0.00","64","52","05"
"37.7738686","INJURY","Fell St","Broderick St","112","2012-01-01","2012-01-17","-122.4392751","37.7738686;-122.4392751","Fell St and Broderick St","17","Fog","0.00","73","55","06"
"37.7740721","PDO","Fell St","Divisadero St","113","2012-01-01","2012-01-07","-122.4376238","37.7740721;-122.4376238","Fell St and Divisadero St","07","Scattered Clouds","0.00","64","41","01"
"37.7740721","INJURY","Fell St","Divisadero St","114","2012-01-01","2012-01-14","-122.4376238","37.7740721;-122.4376238","Fell St and Divisadero St","14","Partly Cloudy","0.00","56","43","02"
"37.7740721","INJURY","Fell St","Divisadero St","115","2012-01-01","2012-01-15","-122.4376238","37.7740721;-122.4376238","Fell St and Divisadero St","15","Rain","0.08","58","42","02"
"37.7740721","INJURY","Fell St","Divisadero St","116","2012-01-01","2012-01-06","-122.4376238","37.7740721;-122.4376238","Fell St and Divisadero St","06","Scattered Clouds","0.00","57","43","04"
"37.7734303","INJURY","Fell St","Lyon St","117","2012-01-01","2012-01-26","-122.4425649","37.7734303;-122.4425649","Fell St and Lyon St","26","Fog","0.00","60","50","01"
"37.7889131","INJURY","Fillmore St","California St","118","2012-01-01","2012-01-05","-122.4338632","37.7889131;-122.4338632","Fillmore St and California St","05","Scattered Clouds","0.00","63","50","06"
"37.7685432","INJURY","Folsom St","14th St","119","2012-01-01","2012-01-07","-122.4156459","37.7685432;-122.4156459","Folsom St and 14th St","07","Fog","0.00","67","51","06"
"37.7681528","INJURY","14th St","Valencia St","12","2012-01-01","2012-01-29","-122.4222248","37.7681528;-122.4222248","14th St and Valencia St","29","Clear","0.00","80","54","08"
"37.7785241","INJURY","Folsom St","6th St","120","2012-01-01","2012-01-13","-122.4056342","37.7785241;-122.4056342","Folsom St and 6th St","13","Partly Cloudy","0.00","63","53","07"
"37.7785241","INJURY","Folsom St","6th St","121","2012-01-01","2012-01-10","-122.4056342","37.7785241;-122.4056342","Folsom St and 6th St","10","Fog","0.00","66","53","08"
"37.775947","INJURY","Folsom St","Hallam St","122","2012-01-01","2012-01-01","-122.4088944","37.775947;-122.4088944","Folsom St and Hallam St","01","Partly Cloudy","0.00","59","49","05"
"37.7752318","FATAL","Franklin St","Oak St","123","2012-01-01","2012-01-29","-122.420976","37.7752318;-122.420976","Franklin St and Oak St","29","Partly Cloudy","0.00","65","52","05"
"37.794607","INJURY","Franklin St","Pacific Av","124","2012-01-01","2012-01-12","-122.4248841","37.794607;-122.4248841","Franklin St and Pacific Av","12","Fog","0.00","65","53","08"
"37.8006271","INJURY","Front St","Green St","125","2012-01-01","2012-01-21","-122.4002702","37.8006271;-122.4002702","Front St and Green St","21","Partly Cloudy","0.00","60","52","06"
"37.774338","INJURY","Fulton St","Arguello Bl","126","2012-01-01","2012-01-03","-122.458356","37.774338;-122.458356","Fulton St and Arguello Bl","03","Fog","0.00","53","48","01"
"37.7766543","INJURY","Fulton St","Broderick St","127","2012-01-01","2012-01-18","-122.4398489","37.7766543;-122.4398489","Fulton St and Broderick St","18","Partly Cloudy","0.00","53","35","01"
"37.7760211","INJURY","Fulton St","Central Av","128","2012-01-01","2012-01-28","-122.4447795","37.7760211;-122.4447795","Fulton St and Central Av","28","Clear","0.00","76","57","08"
"37.7760211","INJURY","Fulton St","Central Av","129","2012-01-01","2012-01-28","-122.4447795","37.7760211;-122.4447795","Fulton St and Central Av","28","Clear","0.00","76","57","08"
"37.7655043","INJURY","16th St","Alabama St","13","2012-01-01","2012-01-15","-122.4124415","37.7655043;-122.4124415","16th St and Alabama St","15","Partly Cloudy","0.00","69","57","08"
"37.7810375","INJURY","Geary Bl","7th Av","130","2012-01-01","2012-01-08","-122.4653564","37.7810375;-122.4653564","Geary Bl and 7th Av","08","Clear","0.00","64","51","06"
"37.7808603","INJURY","Geary Bl","8th Av","131","2012-01-01","2012-01-21","-122.4664251","37.7808603;-122.4664251","Geary Bl and 8th Av","21","Mostly Cloudy","0.00","65","52","05"
"37.7833959","INJURY","Geary Bl","Divisadero","132","2012-01-01","2012-01-18","-122.4394308","37.7833959;-122.4394308","Geary Bl and Divisadero","18","Partly Cloudy","0.00","68","57","07"
"37.7877706","INJURY","Geary Bl","Grant Av","133","2012-01-01","2012-01-01","-122.4051121","37.7877706;-122.4051121","Geary Bl and Grant Av","01","Rain","0.08","54","43","03"
"37.7100883","INJURY","Geneva Av","Brookdale Av","134","2012-01-01","2012-01-27","-122.4245787","37.7100883;-122.4245787","Geneva Av and Brookdale Av","27","Scattered Clouds","0.00","52","39","02"
"37.7156442","INJURY","Geneva Av","Paris St","135","2012-01-01","2012-01-23","-122.4394706","37.7156442;-122.4394706","Geneva Av and Paris St","23","Scattered Clouds","0.00","68","47","02"
"37.7207581","INJURY","Geneva Av","Sanjose Av","136","2012-01-01","2012-01-20","-122.4465759","37.7207581;-122.4465759","Geneva Av and Sanjose Av","20","Scattered Clouds","0.00","79","54","06"
"37.7789495","INJURY","Goldengatebridge","Scott St","137","2012-01-01","2012-01-12","-122.4368706","37.7789495;-122.4368706","Goldengatebridge and Scott St","12","Scattered Clouds","0.00","66","53","07"
"37.7793637","INJURY","Goldengatebridge","Steiner St","138","2012-01-01","2012-01-16","-122.433592","37.7793637;-122.433592","Goldengatebridge and Steiner St","16","Fog","0.00","59","50","05"
"37.7943931","INJURY","Gough","Pacific Av","139","2012-01-01","2012-01-08","-122.4265472","37.7943931;-122.4265472","Gough and Pacific Av","08","Clear","0.00","65","41","03"
"37.7648602","INJURY","16th St","Albion St","14","2012-01-01","2012-01-20","-122.422883","37.7648602;-122.422883","16th St and Albion St","20","Rain","0.03","56","48","02"
"37.7370173","INJURY","Greathighway","Cutler St","140","2012-01-01","2012-01-28","-122.5063388","37.7370173;-122.5063388","Greathighway and Cutler St","28","Scattered Clouds","0.00","61","40","01"
"37.7780313","INJURY","Grove St","Franklin St","141","2012-01-01","2012-01-01","-122.4215283","37.7780313;-122.4215283","Grove St and Franklin St","01","Partly Cloudy","0.01","57","45","02"
"37.7786757","INJURY","Grove St","Larkin St","142","2012-01-01","2012-01-11","-122.4166025","37.7786757;-122.4166025","Grove St and Larkin St","11","Partly Cloudy","0.00","60","48","03"
"37.7786757","INJURY","Grove St","Larkin St","143","2012-01-01","2012-01-24","-122.4166025","37.7786757;-122.4166025","Grove St and Larkin St","24","Rain","1.08","53","44","03"
"37.7782859","INJURY","Grove St","Vanness Av","144","2012-01-01","2012-01-19","-122.419828","37.7782859;-122.419828","Grove St and Vanness Av","19","Partly Cloudy","0.00","71","55","07"
"37.7479746","INJURY","Guerrero St","Cesarchavez","145","2012-01-01","2012-01-14","-122.422421","37.7479746;-122.422421","Guerrero St and Cesarchavez","14","Scattered Clouds","0.00","65","52","06"
"37.7700099","INJURY","Haight St","Ashbury St","146","2012-01-01","2012-01-07","-122.4469365","37.7700099;-122.4469365","Haight St and Ashbury St","07","Clear","0.00","61","46","03"
"37.7712749","INJURY","Haight St","Divisadero St","147","2012-01-01","2012-01-17","-122.4371285","37.7712749;-122.4371285","Haight St and Divisadero St","17","Partly Cloudy","0.00","59","44","02"
"37.7712749","INJURY","Haight St","Divisadero St","148","2012-01-01","2012-01-30","-122.4371285","37.7712749;-122.4371285","Haight St and Divisadero St","30","Mostly Cloudy","0.00","64","54","03"
"37.7727315","PDO","Haight St","Laguna St","149","2012-01-01","2012-01-24","-122.4255433","37.7727315;-122.4255433","Haight St and Laguna St","24","Rain","1.08","53","44","03"
"37.765618","INJURY","16th St","Bryant St","15","2012-01-01","2012-01-08","-122.4105284","37.765618;-122.4105284","16th St and Bryant St","08","Fog","0.00","63","52","02"
"37.771487","INJURY","Haight St","Scott St","150","2012-01-01","2012-01-20","-122.4353672","37.771487;-122.4353672","Haight St and Scott St","20","Rain","1.22","59","49","01"
"37.7706429","INJURY","Harrison St","11th St","151","2012-01-01","2012-01-17","-122.4124994","37.7706429;-122.4124994","Harrison St and 11th St","17","Partly Cloudy","0.00","59","44","02"
"37.7700744","INJURY","Harrison St","12th St","152","2012-01-01","2012-01-14","-122.4130826","37.7700744;-122.4130826","Harrison St and 12th St","14","Partly Cloudy","0.00","56","43","02"
"37.7696315","INJURY","Harrison St","13th St","153","2012-01-01","2012-01-14","-122.413332","37.7696315;-122.413332","Harrison St and 13th St","14","Fog","0.00","69","54","07"
"37.7590319","INJURY","Harrison St","20th St","154","2012-01-01","2012-01-12","-122.4125147","37.7590319;-122.4125147","Harrison St and 20th St","12","Scattered Clouds","0.00","67","48","05"
"37.7590319","INJURY","Harrison St","20th St","155","2012-01-01","2012-01-29","-122.4125147","37.7590319;-122.4125147","Harrison St and 20th St","29","Fog","0.00","70","54","07"
"37.7574294","INJURY","Harrison St","21st St","156","2012-01-01","2012-01-18","-122.4123656","37.7574294;-122.4123656","Harrison St and 21st St","18","Partly Cloudy","0.01","52","44","03"
"37.7574294","INJURY","Harrison St","21st St","157","2012-01-01","2012-01-19","-122.4123656","37.7574294;-122.4123656","Harrison St and 21st St","19","Partly Cloudy","0.00","68","55","04"
"37.7628873","INJURY","Harrison St","Mariposa St","158","2012-01-01","2012-01-07","-122.412899","37.7628873;-122.412899","Harrison St and Mariposa St","07","Clear","0.00","83","51","05"
"37.7798005","INJURY","Hyde St","Fulton St","159","2012-01-01","2012-01-20","-122.4151553","37.7798005;-122.4151553","Hyde St and Fulton St","20","Mostly Cloudy","0.00","62","50","03"
"37.7651267","INJURY","16th St","Capp St","16","2012-01-01","2012-01-29","-122.4186097","37.7651267;-122.4186097","16th St and Capp St","29","Fog","0.00","70","54","07"
"37.778542","INJURY","Hyde St","Market St","160","2012-01-01","2012-01-12","-122.414813","37.778542;-122.414813","Hyde St and Market St","12","Scattered Clouds","0.00","67","48","05"
"37.78724","INJURY","Hyde St","Post St","161","2012-01-01","2012-01-26","-122.41626","37.78724;-122.41626","Hyde St and Post St","26","Partly Cloudy","0.00","54","39","02"
"37.7638988","INJURY","Irving St","12th Av","162","2012-01-01","2012-01-13","-122.4695341","37.7638988;-122.4695341","Irving St and 12th Av","13","Scattered Clouds","0.00","62","40","01"
"37.7643813","INJURY","Irving St","2nd Av","163","2012-01-01","2012-01-16","-122.4588124","37.7643813;-122.4588124","Irving St and 2nd Av","16","Rain","0.79","58","48","03"
"37.7972266","INJURY","Jackson St","Drumm","164","2012-01-01","2012-01-31","-122.3971684","37.7972266;-122.3971684","Jackson St and Drumm","31","Overcast","0.00","62","57","08"
"37.8084429","INJURY","Jefferson St","Mason St","165","2012-01-01","2012-01-18","-122.4141848","37.8084429;-122.4141848","Jefferson St and Mason St","18","Partly Cloudy","0.01","52","44","03"
"37.7839385","INJURY","Jones St","Eddy St","166","2012-01-01","2012-01-31","-122.4126255","37.7839385;-122.4126255","Jones St and Eddy St","31","Scattered Clouds","0.00","78","51","05"
"37.7661683","INJURY","Kezar Dr","Lincoln","167","2012-01-01","2012-01-23","-122.4604571","37.7661683;-122.4604571","Kezar Dr and Lincoln","23","Scattered Clouds","0.00","64","52","05"
"37.7780083","INJURY","King St","3rd St","168","2012-01-01","2012-01-01","-122.3917215","37.7780083;-122.3917215","King St and 3rd St","01","Scattered Clouds","0.00","69","53","06"
"37.7780083","INJURY","King St","3rd St","169","2012-01-01","2012-01-25","-122.3917215","37.7780083;-122.3917215","King St and 3rd St","25","Partly Cloudy","0.00","72","57","07"
"37.7653296","INJURY","16th St","Folsom St","17","2012-01-01","2012-01-26","-122.4153468","37.7653296;-122.4153468","16th St and Folsom St","26","Mostly Cloudy","0.00","60","49","05"
"37.7764938","INJURY","King St","4th St","170","2012-01-01","2012-01-25","-122.3940593","37.7764938;-122.3940593","King St and 4th St","25","Scattered Clouds","0.00","69","53","06"
"37.7727315","INJURY","Laguna St","Haight St","171","2012-01-01","2012-01-20","-122.4255433","37.7727315;-122.4255433","Laguna St and Haight St","20","Fog","0.00","72","52","05"
"37.7085827","INJURY","Lakemerced","Johnmuir Dr","172","2012-01-01","2012-01-28","-122.4867355","37.7085827;-122.4867355","Lakemerced and Johnmuir Dr","28","Fog","0.00","68","55","06"
"37.7762287","INJURY","Lyon St","Fulton St","173","2012-01-01","2012-01-11","-122.4431343","37.7762287;-122.4431343","Lyon St and Fulton St","11","Clear","0.00","80","54","06"
"37.7876655","INJURY","Market St","3rd St","174","2012-01-01","2012-01-25","-122.4034605","37.7876655;-122.4034605","Market St and 3rd St","25","Fog","0.00","61","49","01"
"37.7876655","INJURY","Market St","3rd St","175","2012-01-01","2012-01-06","-122.4034605","37.7876655;-122.4034605","Market St and 3rd St","06","Rain","0.01","54","46","03"
"37.7876655","INJURY","Market St","3rd St","176","2012-01-01","2012-01-04","-122.4034605","37.7876655;-122.4034605","Market St and 3rd St","04","Partly Cloudy","0.00","57","46","04"
"37.7876655","INJURY","Market St","3rd St","177","2012-01-01","2012-01-02","-122.4034605","37.7876655;-122.4034605","Market St and 3rd St","02","Partly Cloudy","0.00","67","55","07"
"37.7840081","INJURY","Market St","5th St","178","2012-01-01","2012-01-04","-122.408092","37.7840081;-122.408092","Market St and 5th St","04","Rain","0.09","61","53","06"
"37.7840081","INJURY","Market St","5th St","179","2012-01-01","2012-01-19","-122.408092","37.7840081;-122.408092","Market St and 5th St","19","Clear","0.00","74","53","06"
"37.7666137","INJURY","16th St","Mississippi St","18","2012-01-01","2012-01-31","-122.3952032","37.7666137;-122.3952032","16th St and Mississippi St","31","Mostly Cloudy","0.01","57","45","01"
"37.7804664","INJURY","Market St","7th St","180","2012-01-01","2012-01-28","-122.4125602","37.7804664;-122.4125602","Market St and 7th St","28","Clear","0.00","76","57","08"
"37.778542","INJURY","Market St","8th St","181","2012-01-01","2012-01-02","-122.414813","37.778542;-122.414813","Market St and 8th St","02","Partly Cloudy","0.00","58","48","05"
"37.7675884","INJURY","Market St","Church St","182","2012-01-01","2012-01-09","-122.4289385","37.7675884;-122.4289385","Market St and Church St","09","Partly Cloudy","0.00","65","47","04"
"37.7730845","INJURY","Market St","Gough","183","2012-01-01","2012-01-07","-122.4220455","37.7730845;-122.4220455","Market St and Gough","07","Scattered Clouds","0.00","69","56","08"
"37.7730845","INJURY","Market St","Gough St","184","2012-01-01","2012-01-14","-122.4220455","37.7730845;-122.4220455","Market St and Gough St","14","Partly Cloudy","0.00","56","43","02"
"37.7730845","INJURY","Market St","Gough St","185","2012-01-01","2012-01-28","-122.4220455","37.7730845;-122.4220455","Market St and Gough St","28","Fog","0.00","66","54","07"
"37.7707539","INJURY","Market St","Guerrero St","186","2012-01-01","2012-01-07","-122.4247672","37.7707539;-122.4247672","Market St and Guerrero St","07","Clear","0.00","61","46","03"
"37.7707539","INJURY","Market St","Guerrero St","187","2012-01-01","2012-01-29","-122.4247672","37.7707539;-122.4247672","Market St and Guerrero St","29","Fog","0.00","68","56","06"
"37.7717843","INJURY","Market St","Octavia St","188","2012-01-01","2012-01-05","-122.4236948","37.7717843;-122.4236948","Market St and Octavia St","05","Scattered Clouds","0.00","63","50","06"
"37.7717843","INJURY","Market St","Octavia St","189","2012-01-01","2012-01-07","-122.4236948","37.7717843;-122.4236948","Market St and Octavia St","07","Scattered Clouds","0.00","69","56","08"
"37.7649612","INJURY","16th St","Rondelpl","19","2012-01-01","2012-01-09","-122.4212475","37.7649612;-122.4212475","16th St and Rondelpl","09","Scattered Clouds","0.00","72","54","08"
"37.7944889","INJURY","Market St","Steuart St","190","2012-01-01","2012-01-03","-122.3948012","37.7944889;-122.3948012","Market St and Steuart St","03","Fog","0.00","53","48","01"
"37.7725376","INJURY","Market St","Valencia St","191","2012-01-01","2012-01-05","-122.4227233","37.7725376;-122.4227233","Market St and Valencia St","05","Scattered Clouds","0.00","61","43","01"
"37.7725376","INJURY","Market St","Valencia St","192","2012-01-01","2012-01-09","-122.4227233","37.7725376;-122.4227233","Market St and Valencia St","09","Clear","0.00","70","50","06"
"37.7725376","INJURY","Market St","Valencia St","193","2012-01-01","2012-01-16","-122.4227233","37.7725376;-122.4227233","Market St and Valencia St","16","Fog","0.00","70","55","08"
"37.7725376","INJURY","Market St","Valencia St","194","2012-01-01","2012-01-24","-122.4227233","37.7725376;-122.4227233","Market St and Valencia St","24","Scattered Clouds","0.00","71","53","08"
"37.7752057","INJURY","Market St","Vanness Av","195","2012-01-01","2012-01-21","-122.4192085","37.7752057;-122.4192085","Market St and Vanness Av","21","Partly Cloudy","0.00","65","54","08"
"37.7972835","INJURY","Mason St","Broadway St","196","2012-01-01","2012-01-20","-122.4119693","37.7972835;-122.4119693","Mason St and Broadway St","20","Partly Cloudy","0.00","64","52","08"
"37.8037856","INJURY","Mason St","Chestnut St","197","2012-01-01","2012-01-23","-122.4132525","37.8037856;-122.4132525","Mason St and Chestnut St","23","Scattered Clouds","0.00","74","56","07"
"37.7881097","INJURY","Mason St","Post St","198","2012-01-01","2012-01-16","-122.4100714","37.7881097;-122.4100714","Mason St and Post St","16","Rain","0.79","58","48","03"
"37.7801822","INJURY","Masonic Av","Ewingrd","199","2012-01-01","2012-01-22","-122.447312","37.7801822;-122.447312","Masonic Av and Ewingrd","22","Scattered Clouds","0.00","71","54","07"
"37.7732078","INJURY","12th Av","Fulton St","2","2012-01-01","2012-01-13","-122.4701694","37.7732078;-122.4701694","12th Av and Fulton St","13","Rain","0.45","56","52","03"
"37.7628926","INJURY","17th St","Church St","20","2012-01-01","2012-01-11","-122.428515","37.7628926;-122.428515","17th St and Church St","11","Partly Cloudy","0.00","60","48","03"
"37.7800871","INJURY","Mcallister St","Vanness Av","200","2012-01-01","2012-01-03","-122.4201816","37.7800871;-122.4201816","Mcallister St and Vanness Av","03","Clear","0.00","69","42","03"
"37.7800871","INJURY","Mcallister St","Vanness Av","201","2012-01-01","2012-01-31","-122.4201816","37.7800871;-122.4201816","Mcallister St and Vanness Av","31","Scattered Clouds","0.00","68","55","07"
"37.7739126","INJURY","Minna St","11th St","202","2012-01-01","2012-01-19","-122.416596","37.7739126;-122.416596","Minna St and 11th St","19","Rain","0.08","52","38","01"
"37.765053","INJURY","Mission","16th St","203","2012-01-01","2012-01-12","-122.4197149","37.765053;-122.4197149","Mission and 16th St","12","Thunderstorm","1.12","61","47","04"
"37.7634242","INJURY","Mission","17th St","204","2012-01-01","2012-01-24","-122.4195575","37.7634242;-122.4195575","Mission and 17th St","24","Scattered Clouds","0.00","67","53","06"
"37.7618402","INJURY","Mission","18th St","205","2012-01-01","2012-01-23","-122.4194024","37.7618402;-122.4194024","Mission and 18th St","23","Rain","0.49","57","49","01"
"37.7554469","INJURY","Mission","22nd St","206","2012-01-01","2012-01-06","-122.4187748","37.7554469;-122.4187748","Mission and 22nd St","06","Scattered Clouds","0.00","57","43","04"
"37.7809857","PDO","Mission","6th St","207","2012-01-01","2012-01-12","-122.4087183","37.7809857;-122.4087183","Mission and 6th St","12","Clear","0.00","63","40","01"
"37.7762211","INJURY","Mission","9th St","208","2012-01-01","2012-01-07","-122.4147406","37.7762211;-122.4147406","Mission and 9th St","07","Clear","0.00","83","51","05"
"37.7481117","PDO","Mission","Cesarchavez","209","2012-01-01","2012-01-18","-122.4182746","37.7481117;-122.4182746","Mission and Cesarchavez","18","Partly Cloudy","0.00","53","35","01"
"37.7647373","PDO","17th St","Kansas St","21","2012-01-01","2012-01-13","-122.4035493","37.7647373;-122.4035493","17th St and Kansas St","13","Rain","0.76","55","47","04"
"37.7410379","INJURY","Mission","Cortland Av","210","2012-01-01","2012-01-17","-122.4228308","37.7410379;-122.4228308","Mission and Cortland Av","17","Fog","0.00","73","55","06"
"37.7422213","PDO","Mission","Eugenia Av","211","2012-01-01","2012-01-22","-122.4220772","37.7422213;-122.4220772","Mission and Eugenia Av","22","Scattered Clouds","0.00","69","52","04"
"37.709959","INJURY","Mission","Farragut Av","212","2012-01-01","2012-01-02","-122.449354","37.709959;-122.449354","Mission and Farragut Av","02","Partly Cloudy","0.00","63","45","04"
"37.709959","INJURY","Mission","Farragut Av","213","2012-01-01","2012-01-21","-122.449354","37.709959;-122.449354","Mission and Farragut Av","21","Clear","0.00","80","56","04"
"37.718502","INJURY","Mission","Italy Av","214","2012-01-01","2012-01-27","-122.4395281","37.718502;-122.4395281","Mission and Italy Av","27","Partly Cloudy","0.00","64","49","04"
"37.7292307","INJURY","Mission","Maynard St","215","2012-01-01","2012-01-17","-122.4308447","37.7292307;-122.4308447","Mission and Maynard St","17","Partly Cloudy","0.00","59","44","02"
"37.7095608","INJURY","Mission","Oliver St","216","2012-01-01","2012-01-03","-122.4505181","37.7095608;-122.4505181","Mission and Oliver St","03","Mostly Cloudy","0.01","63","51","05"
"37.7095608","INJURY","Mission","Oliver St","217","2012-01-01","2012-01-31","-122.4505181","37.7095608;-122.4505181","Mission and Oliver St","31","Scattered Clouds","0.00","78","51","05"
"37.7211772","INJURY","Mission","Onondaga Av","218","2012-01-01","2012-01-05","-122.4374998","37.7211772;-122.4374998","Mission and Onondaga Av","05","Partly Cloudy","0.00","57","43","03"
"37.7240048","INJURY","Mission","Sanjuan Av","219","2012-01-01","2012-01-09","-122.4353196","37.7240048;-122.4353196","Mission and Sanjuan Av","09","Scattered Clouds","0.00","60","41","01"
"37.7634242","INJURY","17th St","Mission St","22","2012-01-01","2012-01-15","-122.4195575","37.7634242;-122.4195575","17th St and Mission St","15","Partly Cloudy","0.00","61","51","05"
"37.7176754","INJURY","Mission","Seneca Av","220","2012-01-01","2012-01-09","-122.4401492","37.7176754;-122.4401492","Mission and Seneca Av","09","Clear","0.00","70","50","06"
"37.7276495","INJURY","Mission","Theresa St","221","2012-01-01","2012-01-30","-122.4324302","37.7276495;-122.4324302","Mission and Theresa St","30","Partly Cloudy","0.01","56","49","01"
"37.7431247","INJURY","Mission","Virginia St","222","2012-01-01","2012-01-11","-122.4214908","37.7431247;-122.4214908","Mission and Virginia St","11","Fog","0.00","71","52","08"
"37.71948","INJURY","Niagara Av","Sanjose Av","223","2012-01-01","2012-01-18","-122.4476258","37.71948;-122.4476258","Niagara Av and Sanjose Av","18","Partly Cloudy","0.00","68","57","07"
"37.7658768","PDO","Noe St","15th St","224","2012-01-01","2012-01-16","-122.4332402","37.7658768;-122.4332402","Noe St and 15th St","16","Rain","0.35","63","54","11"
"37.7529849","INJURY","Noriega St","46th Av","225","2012-01-01","2012-01-23","-122.5054124","37.7529849;-122.5054124","Noriega St and 46th Av","23","Partly Cloudy","0.00","67","54","04"
"37.8053079","INJURY","Norlthpoint St","Polk St","226","2012-01-01","2012-01-04","-122.4236801","37.8053079;-122.4236801","Norlthpoint St and Polk St","04","Clear","0.00","73","45","03"
"37.8061684","INJURY","Northpoint St","Jones St","227","2012-01-01","2012-01-10","-122.4170939","37.8061684;-122.4170939","Northpoint St and Jones St","10","Rain","0.01","62","46","02"
"37.8059434","INJURY","Northpoint St","Leavenworth","228","2012-01-01","2012-01-12","-122.4187653","37.8059434;-122.4187653","Northpoint St and Leavenworth","12","Rain","0.01","61","42","03"
"37.7729273","INJURY","Oak St","Broderick St","229","2012-01-01","2012-01-07","-122.4390897","37.7729273;-122.4390897","Oak St and Broderick St","07","Fog","0.00","67","51","06"
"37.7634242","INJURY","17th St","Mission St","23","2012-01-01","2012-01-25","-122.4195575","37.7634242;-122.4195575","17th St and Mission St","25","Fog","0.00","67","53","08"
"37.7731321","INJURY","Oak St","Divisadero St","230","2012-01-01","2012-01-02","-122.4374385","37.7731321;-122.4374385","Oak St and Divisadero St","02","Partly Cloudy","0.00","63","45","04"
"37.7731321","INJURY","Oak St","Divisadero St","231","2012-01-01","2012-01-23","-122.4374385","37.7731321;-122.4374385","Oak St and Divisadero St","23","Partly Cloudy","0.00","66","53","06"
"37.7733533","INJURY","Oak St","Scott St","232","2012-01-01","2012-01-21","-122.4357496","37.7733533;-122.4357496","Oak St and Scott St","21","Clear","0.00","80","56","04"
"37.7247017","INJURY","Ocean Av","Faxon Av","233","2012-01-01","2012-01-20","-122.459989","37.7247017;-122.459989","Ocean Av and Faxon Av","20","Partly Cloudy","0.00","71","57","07"
"37.7232099","INJURY","Ocean Av","Harold Av","234","2012-01-01","2012-01-21","-122.4531372","37.7232099;-122.4531372","Ocean Av and Harold Av","21","Partly Cloudy","0.01","67","49","03"
"37.7230347","INJURY","Ocean Av","Howth St","235","2012-01-01","2012-01-26","-122.4496335","37.7230347;-122.4496335","Ocean Av and Howth St","26","Scattered Clouds","0.00","69","54","06"
"37.7260346","INJURY","Ocean Av","Victoria St","236","2012-01-01","2012-01-18","-122.4642215","37.7260346;-122.4642215","Ocean Av and Victoria St","18","Partly Cloudy","0.00","57","46","02"
"37.7933533","INJURY","Pacific Av","Fillmore St","237","2012-01-01","2012-01-31","-122.4346951","37.7933533;-122.4346951","Pacific Av and Fillmore St","31","Scattered Clouds","0.00","68","55","07"
"37.7734778","INJURY","Page","Buchanan St","238","2012-01-01","2012-01-02","-122.4273467","37.7734778;-122.4273467","Page and Buchanan St","02","Partly Cloudy","0.00","66","43","02"
"37.7713688","INJURY","Page","Central Av","239","2012-01-01","2012-01-11","-122.4438275","37.7713688;-122.4438275","Page and Central Av","11","Fog","0.00","71","52","08"
"37.7524181","INJURY","18th Av","Ortega St","24","2012-01-01","2012-01-25","-122.4752821","37.7524181;-122.4752821","18th Av and Ortega St","25","Partly Cloudy","0.00","72","57","07"
"37.7707389","INJURY","Page","Clayton St","240","2012-01-01","2012-01-27","-122.4487556","37.7707389;-122.4487556","Page and Clayton St","27","Partly Cloudy","0.00","64","49","04"
"37.772424","INJURY","Page","Scott St","241","2012-01-01","2012-01-01","-122.435558","37.772424;-122.435558","Page and Scott St","01","Scattered Clouds","0.00","58","43","01"
"37.7646915","INJURY","Parnassus Av","Shrader St","242","2012-01-01","2012-01-11","-122.451221","37.7646915;-122.451221","Parnassus Av and Shrader St","11","Scattered Clouds","0.00","77","52","07"
"37.7236223","INJURY","Paul","Bayshore Bl","243","2012-01-01","2012-01-22","-122.400783","37.7236223;-122.400783","Paul and Bayshore Bl","22","Fog","0.00","68","54","08"
"37.7292077","INJURY","Phelps St","Carroll Av","244","2012-01-01","2012-01-05","-122.4008435","37.7292077;-122.4008435","Phelps St and Carroll Av","05","Scattered Clouds","0.00","61","43","01"
"37.7398591","INJURY","Phelps St","Jerrold Av","245","2012-01-01","2012-01-26","-122.3912753","37.7398591;-122.3912753","Phelps St and Jerrold Av","26","Partly Cloudy","0.00","67","57","08"
"37.7896487","INJURY","Pine St","Polk St","246","2012-01-01","2012-01-22","-122.4205116","37.7896487;-122.4205116","Pine St and Polk St","22","Fog","0.00","68","54","08"
"37.786392","INJURY","Polk St","Cedar St","247","2012-01-01","2012-01-15","-122.4198492","37.786392;-122.4198492","Polk St and Cedar St","15","Partly Cloudy","0.00","64","51","04"
"37.8025005","INJURY","Polk St","Chestnut St","248","2012-01-01","2012-01-22","-122.4230936","37.8025005;-122.4230936","Polk St and Chestnut St","22","Fog","0.00","64","52","05"
"37.7896487","INJURY","Polk St","Pine St","249","2012-01-01","2012-01-27","-122.4205116","37.7896487;-122.4205116","Polk St and Pine St","27","Fog","0.00","65","46","01"
"37.7615686","INJURY","18th St","Guerrero St","25","2012-01-01","2012-01-06","-122.4238021","37.7615686;-122.4238021","18th St and Guerrero St","06","Scattered Clouds","0.00","63","50","06"
"37.7896487","INJURY","Polk St","Pine St","250","2012-01-01","2012-01-22","-122.4205116","37.7896487;-122.4205116","Polk St and Pine St","22","Scattered Clouds","0.00","71","54","07"
"37.7821707","INJURY","Polk St","Turk St","251","2012-01-01","2012-01-06","-122.4190036","37.7821707;-122.4190036","Polk St and Turk St","06","Rain","0.01","54","46","03"
"37.7821707","INJURY","Polk St","Turk St","252","2012-01-01","2012-01-06","-122.4190036","37.7821707;-122.4190036","Polk St and Turk St","06","Scattered Clouds","0.00","63","50","06"
"37.7968993","INJURY","Polk St","Vallejo St","253","2012-01-01","2012-01-11","-122.4219879","37.7968993;-122.4219879","Polk St and Vallejo St","11","Scattered Clouds","0.00","78","50","05"
"37.7874653","INJURY","Post St","Leavenworth","254","2012-01-01","2012-01-16","-122.4149854","37.7874653;-122.4149854","Post St and Leavenworth","16","Fog","0.01","66","56","07"
"37.7881097","INJURY","Post St","Mason St","255","2012-01-01","2012-01-01","-122.4100714","37.7881097;-122.4100714","Post St and Mason St","01","Rain","0.08","54","43","03"
"37.7845329","INJURY","Post St","Scott St","256","2012-01-01","2012-01-08","-122.4380144","37.7845329;-122.4380144","Post St and Scott St","08","Scattered Clouds","0.00","76","50","05"
"37.7845329","INJURY","Post St","Scott St","257","2012-01-01","2012-01-17","-122.4380144","37.7845329;-122.4380144","Post St and Scott St","17","Fog","0.00","70","57","07"
"37.7529898","INJURY","Potrero Av","24th St","258","2012-01-01","2012-01-27","-122.4064139","37.7529898;-122.4064139","Potrero Av and 24th St","27","Scattered Clouds","0.00","52","39","02"
"37.7517318","INJURY","Potrero Av","25th St","259","2012-01-01","2012-01-11","-122.406148","37.7517318;-122.406148","Potrero Av and 25th St","11","Scattered Clouds","0.00","65","39","01"
"37.7605308","INJURY","18th St","Hattie St","26","2012-01-01","2012-01-07","-122.440918","37.7605308;-122.440918","18th St and Hattie St","07","Fog","0.00","67","51","06"
"37.7517318","INJURY","Potrero St","25th St","260","2012-01-01","2012-01-06","-122.406148","37.7517318;-122.406148","Potrero St and 25th St","06","Scattered Clouds","0.00","63","50","06"
"37.7571755","INJURY","Vanness","21st St","261","2012-01-01","2012-01-06","-122.4167521","37.7571755;-122.4167521","Vanness and 21st St","06","Rain","0.01","54","46","03"
"37.7875555","INJURY","Sacramento St","Locust St","262","2012-01-01","2012-01-06","-122.4519593","37.7875555;-122.4519593","Sacramento St and Locust St","06","Partly Cloudy","0.00","56","44","01"
"37.7422964","INJURY","Sanjose","30th St","263","2012-01-01","2012-01-20","-122.4232184","37.7422964;-122.4232184","Sanjose and 30th St","20","Mostly Cloudy","0.00","62","50","03"
"37.7161911","INJURY","Sanjose","Lakeview Av","264","2012-01-01","2012-01-26","-122.450411","37.7161911;-122.450411","Sanjose and Lakeview Av","26","Fog","0.00","60","50","01"
"37.732276","INJURY","Sanjose","Monterey Bl","265","2012-01-01","2012-01-31","-122.4341322","37.732276;-122.4341322","Sanjose and Monterey Bl","31","Scattered Clouds","0.00","68","55","07"
"37.7114911","INJURY","Sanjose","Sagamore St","266","2012-01-01","2012-01-09","-122.4556034","37.7114911;-122.4556034","Sanjose and Sagamore St","09","Scattered Clouds","0.00","60","41","01"
"37.7660087","INJURY","Sanches St","15th St","267","2012-01-01","2012-01-27","-122.4310357","37.7660087;-122.4310357","Sanches St and 15th St","27","Fog","0.00","65","46","01"
"37.7667981","INJURY","Sanchez St","Henry St","268","2012-01-01","2012-01-07","-122.4310943","37.7667981;-122.4310943","Sanchez St and Henry St","07","Fog","0.00","67","51","06"
"37.7339679","INJURY","Sloat Bl","37th Av","269","2012-01-01","2012-01-03","-122.4944156","37.7339679;-122.4944156","Sloat Bl and 37th Av","03","Fog","0.00","68","51","06"
"37.7765743","INJURY","19th Av","Balboa St","27","2012-01-01","2012-01-07","-122.4780402","37.7765743;-122.4780402","19th Av and Balboa St","07","Partly Cloudy","0.00","64","41","04"
"37.75417","INJURY","Southva","23rd St","270","2012-01-01","2012-01-02","-122.4131527","37.75417;-122.4131527","Southva and 23rd St","02","Partly Cloudy","0.00","66","43","02"
"37.7525524","INJURY","Southva","24th St","271","2012-01-01","2012-01-25","-122.4132704","37.7525524;-122.4132704","Southva and 24th St","25","Partly Cloudy","0.00","62","50","05"
"37.7793637","INJURY","Steiner St","Goldengate Av","272","2012-01-01","2012-01-18","-122.433592","37.7793637;-122.433592","Steiner St and Goldengate Av","18","Scattered Clouds","0.00","67","48","05"
"37.7858792","INJURY","Steiner St","Sutter St","273","2012-01-01","2012-01-23","-122.4348875","37.7858792;-122.4348875","Steiner St and Sutter St","23","Scattered Clouds","0.00","68","47","02"
"37.7879902","INJURY","Sutter St","Larkin St","274","2012-01-01","2012-01-21","-122.4185029","37.7879902;-122.4185029","Sutter St and Larkin St","21","Mostly Cloudy","0.00","61","47","02"
"37.7850798","INJURY","Taylor St","Ellis St","275","2012-01-01","2012-01-15","-122.4111597","37.7850798;-122.4111597","Taylor St and Ellis St","15","Scattered Clouds","0.00","74","50","06"
"37.7832142","INJURY","Taylor St","Turk St","276","2012-01-01","2012-01-03","-122.4107842","37.7832142;-122.4107842","Taylor St and Turk St","03","Mostly Cloudy","0.01","63","51","05"
"37.7690145","INJURY","Terryfr","South St","277","2012-01-01","2012-01-18","-122.3862964","37.7690145;-122.3862964","Terryfr and South St","18","Partly Cloudy","0.00","68","57","07"
"37.8081151","INJURY","The Embarcadero","Grant Av","278","2012-01-01","2012-01-04","-122.4090985","37.8081151;-122.4090985","The Embarcadero and Grant Av","04","Partly Cloudy","0.00","61","50","05"
"37.7944731","INJURY","The Embarcadero","Market St","279","2012-01-01","2012-01-28","-122.3948775","37.7944731;-122.3948775","The Embarcadero and Market St","28","Fog","0.00","72","56","10"
"37.7910528","INJURY","1st St","Market St","28","2012-01-01","2012-01-09","-122.3991866","37.7910528;-122.3991866","1st St and Market St","09","Scattered Clouds","0.00","72","54","08"
"37.7806303","INJURY","Townsend St","2nd St","280","2012-01-01","2012-01-24","-122.3905427","37.7806303;-122.3905427","Townsend St and 2nd St","24","Partly Cloudy","0.00","58","46","01"
"37.769894","INJURY","Townsend St","Division St","281","2012-01-01","2012-01-22","-122.403301","37.769894;-122.403301","Townsend St and Division St","22","Partly Cloudy","0.00","55","47","03"
"37.755769","INJURY","Treat St","22nd St","282","2012-01-01","2012-01-04","-122.4132978","37.755769;-122.4132978","Treat St and 22nd St","04","Clear","0.00","73","45","03"
"37.7834308","INJURY","Turk St","Mason St","283","2012-01-01","2012-01-23","-122.4091512","37.7834308;-122.4091512","Turk St and Mason St","23","Fog","0.00","67","54","08"
"37.7821707","INJURY","Turk St","Polk St","284","2012-01-01","2012-01-19","-122.4190036","37.7821707;-122.4190036","Turk St and Polk St","19","Partly Cloudy","0.00","68","55","04"
"37.7594495","INJURY","Twinpeaks","Graystonete","285","2012-01-01","2012-01-17","-122.447336","37.7594495;-122.447336","Twinpeaks and Graystonete","17","Mostly Cloudy","0.00","61","52","04"
"37.7410921","INJURY","Ulloa St","21st Av","286","2012-01-01","2012-01-12","-122.4777116","37.7410921;-122.4777116","Ulloa St and 21st Av","12","Rain","0.01","61","42","03"
"37.7625788","INJURY","Valencia","Sycamore","287","2012-01-01","2012-01-17","-122.4216856","37.7625788;-122.4216856","Valencia and Sycamore","17","Partly Cloudy","0.00","59","44","02"
"37.7681528","INJURY","Valencia St","14th St","288","2012-01-01","2012-01-15","-122.4222248","37.7681528;-122.4222248","Valencia St and 14th St","15","Partly Cloudy","0.00","52","44","01"
"37.7681528","INJURY","Valencia St","14th St","289","2012-01-01","2012-01-06","-122.4222248","37.7681528;-122.4222248","Valencia St and 14th St","06","Scattered Clouds","0.00","63","50","06"
"37.7597955","INJURY","20th Av","Kirkham St","29","2012-01-01","2012-01-08","-122.4779532","37.7597955;-122.4779532","20th Av and Kirkham St","08","Fog","0.00","63","52","02"
"37.7665431","INJURY","Valencia St","15th St","290","2012-01-01","2012-01-26","-122.4220576","37.7665431;-122.4220576","Valencia St and 15th St","26","Partly Cloudy","0.00","58","45","03"
"37.7632962","INJURY","Valencia St","17th St","291","2012-01-01","2012-01-16","-122.421752","37.7632962;-122.421752","Valencia St and 17th St","16","Rain","0.79","58","48","03"
"37.7584974","INJURY","Valencia St","20th St","292","2012-01-01","2012-01-10","-122.4212866","37.7584974;-122.4212866","Valencia St and 20th St","10","Rain","0.01","62","46","02"
"37.7584974","INJURY","Valencia St","20th St","293","2012-01-01","2012-01-20","-122.4212866","37.7584974;-122.4212866","Valencia St and 20th St","20","Clear","0.00","78","55","04"
"37.7584974","INJURY","Valencia St","20th St","294","2012-01-01","2012-01-26","-122.4212866","37.7584974;-122.4212866","Valencia St and 20th St","26","Partly Cloudy","0.00","70","56","07"
"37.7568988","INJURY","Valencia St","21st St","295","2012-01-01","2012-01-19","-122.4211319","37.7568988;-122.4211319","Valencia St and 21st St","19","Partly Cloudy","0.00","54","42","02"
"37.7489079","INJURY","Valencia St","26th St","296","2012-01-01","2012-01-14","-122.4203495","37.7489079;-122.4203495","Valencia St and 26th St","14","Scattered Clouds","0.00","60","48","04"
"37.7698675","INJURY","Valencia St","Duboce","297","2012-01-01","2012-01-23","-122.4223893","37.7698675;-122.4223893","Valencia St and Duboce","23","Scattered Clouds","0.00","68","47","02"
"37.7625788","INJURY","Valencia St","Sycamore St","298","2012-01-01","2012-01-29","-122.4216856","37.7625788;-122.4216856","Valencia St and Sycamore St","29","Clear","0.00","80","54","08"
"37.775056","INJURY","Vanness","Market St","299","2012-01-01","2012-01-13","-122.419321","37.775056;-122.419321","Vanness and Market St","13","Partly Cloudy","0.00","66","50","05"
"37.7709294","INJURY","12th St","Folsom St","3","2012-01-01","2012-01-06","-122.4150466","37.7709294;-122.4150466","12th St and Folsom St","06","Rain","0.01","54","46","03"
"37.756969","INJURY","21st St","Bartlett St","30","2012-01-01","2012-01-19","-122.420011","37.756969;-122.420011","21st St and Bartlett St","19","Partly Cloudy","0.00","68","55","04"
"37.7866489","INJURY","Vanness","Post St","300","2012-01-01","2012-01-10","-122.4215008","37.7866489;-122.4215008","Vanness and Post St","10","Scattered Clouds","0.00","77","49","05"
"37.7646778","INJURY","Vermont St","17th St","301","2012-01-01","2012-01-01","-122.4045215","37.7646778;-122.4045215","Vermont St and 17th St","01","Rain","0.08","54","43","03"
"37.7845195","INJURY","Webster St","Geary Bl","302","2012-01-01","2012-01-16","-122.4312314","37.7845195;-122.4312314","Webster St and Geary Bl","16","Fog","0.01","66","56","07"
"37.7760469","INJURY","Webster St","Hayes St","303","2012-01-01","2012-01-23","-122.4295518","37.7760469;-122.4295518","Webster St and Hayes St","23","Scattered Clouds","0.00","74","56","07"
"37.7746514","INJURY","Webster St","Hickory St","304","2012-01-01","2012-01-04","-122.4292685","37.7746514;-122.4292685","Webster St and Hickory St","04","Scattered Clouds","0.00","62","42","02"
"37.7807142","INJURY","Webster St","Turk St","305","2012-01-01","2012-01-15","-122.4304707","37.7807142;-122.4304707","Webster St and Turk St","15","Rain","0.08","58","42","02"
"37.7560549","INJURY","York St","22nd St","306","2012-01-01","2012-01-22","-122.4085016","37.7560549;-122.4085016","York St and 22nd St","22","Scattered Clouds","0.00","69","52","04"
"37.7570308","INJURY","21st St","Mission St","31","2012-01-01","2012-01-17","-122.4189302","37.7570308;-122.4189302","21st St and Mission St","17","Mostly Cloudy","0.00","61","52","04"
"37.7552793","INJURY","22nd St","Sanjose Av","32","2012-01-01","2012-01-27","-122.4214569","37.7552793;-122.4214569","22nd St and Sanjose Av","27","Scattered Clouds","0.00","52","39","02"
"37.7526368","INJURY","24th St","Harrison St","33","2012-01-01","2012-01-11","-122.4118888","37.7526368;-122.4118888","24th St and Harrison St","11","Scattered Clouds","0.00","77","52","07"
"37.7523682","INJURY","24th St","Svanness Av","34","2012-01-01","2012-01-10","-122.4162688","37.7523682;-122.4162688","24th St and Svanness Av","10","Partly Cloudy","0.00","59","40","01"
"37.7516319","INJURY","24th St","Vicksburg St","35","2012-01-01","2012-01-31","-122.4285462","37.7516319;-122.4285462","24th St and Vicksburg St","31","Overcast","0.00","62","57","08"
"37.7781536","INJURY","25th Av","Anza St","36","2012-01-01","2012-01-27","-122.4845547","37.7781536;-122.4845547","25th Av and Anza St","27","Partly Cloudy","0.00","75","58","08"
"37.7857403","INJURY","25th Av","Lake St","37","2012-01-01","2012-01-01","-122.4851044","37.7857403;-122.4851044","25th Av and Lake St","01","Rain","0.01","57","48","04"
"37.7855505","PDO","2nd St","Folsom St","38","2012-01-01","2012-01-09","-122.3967177","37.7855505;-122.3967177","2nd St and Folsom St","09","Clear","0.00","68","43","03"
"37.7876012","INJURY","2nd St","Minna St","39","2012-01-01","2012-01-18","-122.3993312","37.7876012;-122.3993312","2nd St and Minna St","18","Partly Cloudy","0.00","68","57","07"
"37.7696315","INJURY","13th St","Harrison St","4","2012-01-01","2012-01-18","-122.413332","37.7696315;-122.413332","13th St and Harrison St","18","Partly Cloudy","0.00","53","35","01"
"37.7835245","INJURY","2nd St","Stillman St","40","2012-01-01","2012-01-20","-122.3941704","37.7835245;-122.3941704","2nd St and Stillman St","20","Partly Cloudy","0.00","71","57","07"
"37.7477995","INJURY","37th Av","Quintara St","41","2012-01-01","2012-01-06","-122.4953671","37.7477995;-122.4953671","37th Av and Quintara St","06","Scattered Clouds","0.00","63","50","06"
"37.7729368","INJURY","3rd St","Missionrockrd","42","2012-01-01","2012-01-17","-122.3898089","37.7729368;-122.3898089","3rd St and Missionrockrd","17","Fog","0.00","65","55","08"
"37.7817709","INJURY","3rd St","Stillman St","43","2012-01-01","2012-01-30","-122.3964107","37.7817709;-122.3964107","3rd St and Stillman St","30","Mostly Cloudy","0.00","64","54","03"
"37.7292336","INJURY","3rd St","Vandyke Av","44","2012-01-01","2012-01-11","-122.3925655","37.7292336;-122.3925655","3rd St and Vandyke Av","11","Rain","0.03","59","49","04"
"37.758803","INJURY","41st Av","Kirkham St","45","2012-01-01","2012-01-15","-122.5004339","37.758803;-122.5004339","41st Av and Kirkham St","15","Partly Cloudy","0.00","52","44","01"
"37.7791925","INJURY","4th Av","Anza St","46","2012-01-01","2012-01-20","-122.462002","37.7791925;-122.462002","4th Av and Anza St","20","Clear","0.00","78","55","04"
"37.7820607","INJURY","4th St","Folsom St","47","2012-01-01","2012-01-16","-122.4011821","37.7820607;-122.4011821","4th St and Folsom St","16","Clear","0.00","50","35","01"
"37.7852826","INJURY","4th St","Stevenson","48","2012-01-01","2012-01-27","-122.4052367","37.7852826;-122.4052367","4th St and Stevenson","27","Partly Cloudy","0.00","64","49","04"
"37.7765851","INJURY","5th St","Brannan St","49","2012-01-01","2012-01-18","-122.398772","37.7765851;-122.398772","5th St and Brannan St","18","Partly Cloudy","0.00","53","35","01"
"37.7696315","INJURY","13th St","Harrison St","5","2012-01-01","2012-01-30","-122.413332","37.7696315;-122.413332","13th St and Harrison St","30","Partly Cloudy","0.01","56","49","01"
"37.7802841","INJURY","5th St","Folsom St","50","2012-01-01","2012-01-06","-122.4034164","37.7802841;-122.4034164","5th St and Folsom St","06","Scattered Clouds","0.00","63","50","06"
"37.779049","INJURY","5th St","Harrison St","51","2012-01-01","2012-01-27","-122.4018621","37.779049;-122.4018621","5th St and Harrison St","27","Partly Cloudy","0.00","64","49","04"
"37.7785241","INJURY","6th St","Folsom St","52","2012-01-01","2012-01-29","-122.4056342","37.7785241;-122.4056342","6th St and Folsom St","29","Fog","0.00","70","54","07"
"37.7622695","INJURY","7th Av","Judah St","53","2012-01-01","2012-01-18","-122.4640639","37.7622695;-122.4640639","7th Av and Judah St","18","Partly Cloudy","0.00","53","35","01"
"37.7730575","INJURY","7th St","Brannan St","54","2012-01-01","2012-01-11","-122.4032376","37.7730575;-122.4032376","7th St and Brannan St","11","Rain","0.03","59","49","04"
"37.7660197","INJURY","8th Av","Lincoln Av","55","2012-01-01","2012-01-16","-122.4653809","37.7660197;-122.4653809","8th Av and Lincoln Av","16","Scattered Clouds","0.00","63","41","02"
"37.7713302","INJURY","8th St","Brannan St","56","2012-01-01","2012-01-29","-122.4054307","37.7713302;-122.4054307","8th St and Brannan St","29","Fog","0.00","68","56","06"
"37.7725615","INJURY","8th St","Bryant St","57","2012-01-01","2012-01-12","-122.4069632","37.7725615;-122.4069632","8th St and Bryant St","12","Scattered Clouds","0.00","67","48","05"
"37.7666908","INJURY","8th St","Irwin St","58","2012-01-01","2012-01-05","-122.3997197","37.7666908;-122.3997197","8th St and Irwin St","05","Scattered Clouds","0.00","63","50","06"
"37.7774649","INJURY","8th St","Mission St","59","2012-01-01","2012-01-19","-122.4131792","37.7774649;-122.4131792","8th St and Mission St","19","Scattered Clouds","0.00","68","49","05"
"37.7697121","INJURY","13th St","Vanness","6","2012-01-01","2012-01-09","-122.4178256","37.7697121;-122.4178256","13th St and Vanness","09","Scattered Clouds","0.00","64","51","05"
"37.7774649","INJURY","8th St","Mission St","60","2012-01-01","2012-01-22","-122.4131792","37.7774649;-122.4131792","8th St and Mission St","22","Scattered Clouds","0.00","71","54","07"
"37.7737855","INJURY","9th St","Folsom St","61","2012-01-01","2012-01-27","-122.4116385","37.7737855;-122.4116385","9th St and Folsom St","27","Partly Cloudy","0.00","75","58","08"
"37.7762211","PDO","9th St","Mission St","62","2012-01-01","2012-01-12","-122.4147406","37.7762211;-122.4147406","9th St and Mission St","12","Rain","0.01","61","42","03"
"37.734785","INJURY","Alemany","Crescent Av","63","2012-01-01","2012-01-10","-122.4108679","37.734785;-122.4108679","Alemany and Crescent Av","10","Rain","0.01","62","46","02"
"37.776179","INJURY","Arguello Bl","Goldengate Av","64","2012-01-01","2012-01-17","-122.4584981","37.776179;-122.4584981","Arguello Bl and Goldengate Av","17","Partly Cloudy","0.00","51","34","01"
"37.7752481","INJURY","Arguello Bl","Mcallister St","65","2012-01-01","2012-01-20","-122.4584281","37.7752481;-122.4584281","Arguello Bl and Mcallister St","20","Clear","0.00","78","55","04"
"37.788405","INJURY","Arguello Bl","Presidiote","66","2012-01-01","2012-01-05","-122.459388","37.788405;-122.459388","Arguello Bl and Presidiote","05","Partly Cloudy","0.00","60","42","02"
"37.7813444","INJURY","Arguello St","Geary Bl","67","2012-01-01","2012-01-30","-122.4588752","37.7813444;-122.4588752","Arguello St and Geary Bl","30","Scattered Clouds","0.00","67","54","08"
"37.773915","INJURY","Ashbury St","Ashburyst80","68","2012-01-01","2012-01-30","-122.436524","37.773915;-122.436524","Ashbury St and Ashburyst80","30","Fog","0.00","71","58","06"
"37.7736412","PDO","Baker St","Fell St","69","2012-01-01","2012-01-24","-122.4409112","37.7736412;-122.4409112","Baker St and Fell St","24","Partly Cloudy","0.00","69","59","04"
"37.7677354","INJURY","14th St","Church St","7","2012-01-01","2012-01-06","-122.4289483","37.7677354;-122.4289483","14th St and Church St","06","Rain","0.07","61","45","02"
"37.7279635","INJURY","Bayshore","Bacon St","70","2012-01-01","2012-01-21","-122.4021642","37.7279635;-122.4021642","Bayshore and Bacon St","21","Scattered Clouds","0.00","82","56","07"
"37.8048154","INJURY","Bay St","Hyde St","71","2012-01-01","2012-01-25","-122.4201958","37.8048154;-122.4201958","Bay St and Hyde St","25","Rain","0.21","57","44","03"
"37.8081151","INJURY","Beach St","Grant Av","72","2012-01-01","2012-01-02","-122.4090985","37.8081151;-122.4090985","Beach St and Grant Av","02","Fog","0.00","70","53","08"
"37.7334852","INJURY","Bosworth St","Cuvier","73","2012-01-01","2012-01-21","-122.4286003","37.7334852;-122.4286003","Bosworth St and Cuvier","21","Clear","0.00","80","56","04"
"37.7818497","INJURY","Brannan St","2nd St","74","2012-01-01","2012-01-03","-122.3920993","37.7818497;-122.3920993","Brannan St and 2nd St","03","Rain","0.03","64","49","04"
"37.778341","INJURY","Brannan St","4th St","75","2012-01-01","2012-01-15","-122.3965525","37.778341;-122.3965525","Brannan St and 4th St","15","Partly Cloudy","0.00","61","51","05"
"37.7987416","INJURY","Broadway","Front St","76","2012-01-01","2012-01-16","-122.3998991","37.7987416;-122.3998991","Broadway and Front St","16","Fog","0.00","70","55","08"
"37.7976479","INJURY","Broadway","Stockton","77","2012-01-01","2012-01-19","-122.4086392","37.7976479;-122.4086392","Broadway and Stockton","19","Partly Cloudy","0.00","68","55","04"
"37.7959845","INJURY","Broadway St","Polk St","78","2012-01-01","2012-01-18","-122.4217921","37.7959845;-122.4217921","Broadway St and Polk St","18","Scattered Clouds","0.00","67","48","05"
"37.7681764","INJURY","Bryant St","Alameda St","79","2012-01-01","2012-01-06","-122.4107552","37.7681764;-122.4107552","Bryant St and Alameda St","06","Rain","0.07","61","45","02"
"37.7680039","INJURY","14th St","Guerrero St","8","2012-01-01","2012-01-16","-122.4244975","37.7680039;-122.4244975","14th St and Guerrero St","16","Rain","0.79","58","48","03"
"37.7734778","INJURY","Buchanan St","Page St","80","2012-01-01","2012-01-18","-122.4273467","37.7734778;-122.4273467","Buchanan St and Page St","18","Fog","0.01","68","56","08"
"37.790976","PDO","Bush St","Montgomery St","81","2012-01-01","2012-01-17","-122.4024281","37.790976;-122.4024281","Bush St and Montgomery St","17","Partly Cloudy","0.00","51","34","01"
"37.774876","INJURY","Cabrillo St","16th Av","82","2012-01-01","2012-01-10","-122.4747175","37.774876;-122.4747175","Cabrillo St and 16th Av","10","Clear","0.00","85","56","06"
"37.7842709","INJURY","California St","17th Av","83","2012-01-01","2012-01-16","-122.4764544","37.7842709;-122.4764544","California St and 17th Av","16","Partly Cloudy","0.00","87","55","06"
"37.7878596","INJURY","California St","Broderick St","84","2012-01-01","2012-01-13","-122.44211","37.7878596;-122.44211","California St and Broderick St","13","Scattered Clouds","0.00","70","53","08"
"37.7555087","INJURY","Capp St","22nd St","85","2012-01-01","2012-01-21","-122.4176652","37.7555087;-122.4176652","Capp St and 22nd St","21","Scattered Clouds","0.00","82","56","07"
"37.7627477","INJURY","Castro St","17th St","86","2012-01-01","2012-01-02","-122.4351586","37.7627477;-122.4351586","Castro St and 17th St","02","Scattered Clouds","0.00","63","40","03"
"37.7482566","INJURY","Cesarchavez","Harrison St","87","2012-01-01","2012-01-07","-122.411481","37.7482566;-122.411481","Cesarchavez and Harrison St","07","Scattered Clouds","0.00","64","41","01"
"37.7383545","INJURY","Chenery St","Charles St","88","2012-01-01","2012-01-22","-122.4261058","37.7383545;-122.4261058","Chenery St and Charles St","22","Partly Cloudy","0.00","55","47","03"
"37.7793668","INJURY","Chinaba","3rd St","89","2012-01-01","2012-01-07","-122.3934134","37.7793668;-122.3934134","Chinaba and 3rd St","07","Fog","0.00","75","53","07"
"37.7679538","INJURY","14th St","Ramona Av","9","2012-01-01","2012-01-18","-122.4253988","37.7679538;-122.4253988","14th St and Ramona Av","18","Partly Cloudy","0.00","57","46","02"
"37.7823567","INJURY","Clement St","18th Av","90","2012-01-01","2012-01-31","-122.4773847","37.7823567;-122.4773847","Clement St and 18th Av","31","Mostly Cloudy","0.01","57","45","01"
"37.7829523","INJURY","Clement St","6th Av","91","2012-01-01","2012-01-08","-122.4644277","37.7829523;-122.4644277","Clement St and 6th Av","08","Scattered Clouds","0.00","65","46","01"
"37.7828017","INJURY","Clement St","9th Av","92","2012-01-01","2012-01-05","-122.4676437","37.7828017;-122.4676437","Clement St and 9th Av","05","Partly Cloudy","0.00","65","55","07"
"37.76556","INJURY","Cole St","Carl St","93","2012-01-01","2012-01-19","-122.44996","37.76556;-122.44996","Cole St and Carl St","19","Rain","0.08","52","38","01"
"37.803794","INJURY","Columbus Av","Chestnut St","94","2012-01-01","2012-01-28","-122.415136","37.803794;-122.415136","Columbus Av and Chestnut St","28","Scattered Clouds","0.00","64","51","04"
"37.797267","INJURY","Columbus Av","Columbus Av","95","2012-01-01","2012-01-31","-122.406098","37.797267;-122.406098","Columbus Av and Columbus Av","31","Scattered Clouds","0.00","68","55","07"
"37.8019526","INJURY","Columbus Av","Greenwich St","96","2012-01-01","2012-01-18","-122.412639","37.8019526;-122.412639","Columbus Av and Greenwich St","18","Fog","0.01","68","56","08"
"37.7397234","INJURY","Cortland Av","Bradford St","97","2012-01-01","2012-01-16","-122.4094832","37.7397234;-122.4094832","Cortland Av and Bradford St","16","Fog","0.00","59","50","05"
"37.7722232","INJURY","Divisadero St","Page St","98","2012-01-01","2012-01-01","-122.4371587","37.7722232;-122.4371587","Divisadero St and Page St","01","Partly Cloudy","0.00","59","49","05"
"37.7694443","PDO","Division St","9th St","99","2012-01-01","2012-01-09","-122.4062321","37.7694443;-122.4062321","Division St and 9th St","09","Clear","0.00","68","43","03"
